{"cameraMode":{"drawMode":0,"name":"Shaded","section":"Shading Mode"},"sceneLighting":true,"audioPlay":false,"sceneViewState":{"m_AlwaysRefresh":false,"showFog":true,"showSkybox":true,"showFlares":true,"showImageEffects":true,"showParticleSystems":true,"showVisualEffectGraphs":true,"m_FxEnabled":true},"in2DMode":false,"pivot":{"x":-0.20410731434822083,"y":11.22984790802002,"z":-29.326257705688478},"rotation":{"x":-0.26844170689582827,"y":0.6849250197410584,"z":-0.30364108085632326,"w":-0.6054344773292542},"size":5.868910312652588,"orthographic":false}